i,j,x,y,rho,p,T,u,v,miubl
1,1,1.16072528e+00,1.97381740e-01,1.14017738e+00,9.88898165e+04,3.02138780e+02,2.20788753e+00,-4.29876644e+00,1.91194861e-07
1,2,8.40821637e-01,5.29257675e-01,1.13857890e+00,9.87788799e+04,3.02223537e+02,1.59680971e+01,-7.37654148e+00,3.08252013e-07
1,3,3.05829641e-01,7.14865976e-01,1.13765291e+00,9.85189903e+04,3.01673728e+02,3.88130888e+01,1.62325100e+00,5.03419793e-07
1,4,-3.05829641e-01,7.14865976e-01,1.14776772e+00,9.92023220e+04,3.01089182e+02,5.52087403e+01,1.95040635e+01,7.58734944e-07
1,5,-8.40821637e-01,5.29257675e-01,1.16552879e+00,1.00836426e+05,3.01385087e+02,5.11149313e+01,2.97725568e+01,9.60791705e-07
1,6,-1.16072528e+00,1.97381740e-01,1.19186454e+00,1.03694669e+05,3.03079701e+02,3.22347321e+01,1.64385742e+01,1.03579129e-06
1,7,-1.16072528e+00,-1.97381740e-01,1.19186454e+00,1.03694669e+05,3.03079701e+02,3.22347321e+01,-1.64385742e+01,1.03579129e-06
1,8,-8.40821637e-01,-5.29257675e-01,1.16552879e+00,1.00836426e+05,3.01385087e+02,5.11149313e+01,-2.97725568e+01,9.60791705e-07
1,9,-3.05829641e-01,-7.14865976e-01,1.14776772e+00,9.92023220e+04,3.01089182e+02,5.52087403e+01,-1.95040635e+01,7.58734944e-07
1,10,3.05829641e-01,-7.14865976e-01,1.13765291e+00,9.85189903e+04,3.01673728e+02,3.88130888e+01,-1.62325100e+00,5.03419793e-07
1,11,8.40821637e-01,-5.29257675e-01,1.13857890e+00,9.87788799e+04,3.02223537e+02,1.59680971e+01,7.37654148e+00,3.08252013e-07
1,12,1.16072528e+00,-1.97381740e-01,1.14017738e+00,9.88898165e+04,3.02138780e+02,2.20788753e+00,4.29876644e+00,1.91194861e-07
2,1,1.56718955e+00,3.19907485e-01,1.14479528e+00,9.93342372e+04,3.02272368e+02,2.16794842e+01,-1.08026814e+01,6.00744064e-07
2,2,1.14100079e+00,8.66959222e-01,1.15132957e+00,9.95390270e+04,3.01176479e+02,5.78094199e+01,-1.37758801e+01,9.74519296e-07
2,3,4.16020101e-01,1.17750692e+00,1.16164294e+00,9.97592888e+04,2.99163086e+02,8.87265319e+01,5.51816362e+00,1.38541528e-06
2,4,-4.16020101e-01,1.17750692e+00,1.17486874e+00,1.00864922e+05,2.99073634e+02,8.92860830e+01,2.23189186e+01,1.64250130e-06
2,5,-1.14100079e+00,8.66959222e-01,1.18635336e+00,1.02311119e+05,3.00425012e+02,7.06585089e+01,2.23284748e+01,1.72581688e-06
2,6,-1.56718955e+00,3.19907485e-01,1.19380280e+00,1.03284667e+05,3.01391207e+02,5.46395786e+01,1.07726528e+01,1.76268905e-06
2,7,-1.56718955e+00,-3.19907485e-01,1.19380280e+00,1.03284667e+05,3.01391207e+02,5.46395786e+01,-1.07726528e+01,1.76268905e-06
2,8,-1.14100079e+00,-8.66959222e-01,1.18635336e+00,1.02311119e+05,3.00425012e+02,7.06585089e+01,-2.23284748e+01,1.72581688e-06
2,9,-4.16020101e-01,-1.17750692e+00,1.17486874e+00,1.00864922e+05,2.99073634e+02,8.92860830e+01,-2.23189186e+01,1.64250130e-06
2,10,4.16020101e-01,-1.17750692e+00,1.16164294e+00,9.97592888e+04,2.99163086e+02,8.87265319e+01,-5.51816362e+00,1.38541528e-06
2,11,1.14100079e+00,-8.66959222e-01,1.15132957e+00,9.95390270e+04,3.01176479e+02,5.78094199e+01,1.37758801e+01,9.74519296e-07
2,12,1.56718955e+00,-3.19907485e-01,1.14479528e+00,9.93342372e+04,3.02272368e+02,2.16794842e+01,1.08026814e+01,6.00744064e-07
3,1,1.97823454e+00,4.43814055e-01,1.15024164e+00,9.96501809e+04,3.01797979e+02,3.79749687e+01,-1.43621856e+01,9.15304614e-07
3,2,1.44281972e+00,1.20650552e+00,1.16484890e+00,1.00377542e+05,3.00188660e+02,7.41972368e+01,-1.62698421e+01,1.34528147e-06
3,3,5.26605161e-01,1.64180461e+00,1.17250345e+00,1.00486074e+05,2.98551370e+02,9.20171431e+01,4.83176474e+00,1.65345704e-06
3,4,-5.26605161e-01,1.64180461e+00,1.17339802e+00,1.00774789e+05,2.99180902e+02,8.10036692e+01,1.52892802e+01,1.64705274e-06
3,5,-1.44281972e+00,1.20650552e+00,1.17898387e+00,1.01638898e+05,3.00316643e+02,6.79017553e+01,1.23829389e+01,1.56411695e-06
3,6,-1.97823454e+00,4.43814055e-01,1.18672594e+00,1.02556199e+05,3.01050119e+02,6.06810593e+01,5.02064450e+00,1.55472642e-06
3,7,-1.97823454e+00,-4.43814055e-01,1.18672594e+00,1.02556199e+05,3.01050119e+02,6.06810593e+01,-5.02064450e+00,1.55472642e-06
3,8,-1.44281972e+00,-1.20650552e+00,1.17898387e+00,1.01638898e+05,3.00316643e+02,6.79017553e+01,-1.23829389e+01,1.56411695e-06
3,9,-5.26605161e-01,-1.64180461e+00,1.17339802e+00,1.00774789e+05,2.99180902e+02,8.10036692e+01,-1.52892802e+01,1.64705274e-06
3,10,5.26605161e-01,-1.64180461e+00,1.17250345e+00,1.00486074e+05,2.98551370e+02,9.20171431e+01,-4.83176474e+00,1.65345704e-06
3,11,1.44281972e+00,-1.20650552e+00,1.16484890e+00,1.00377542e+05,3.00188660e+02,7.41972368e+01,1.62698421e+01,1.34528147e-06
3,12,1.97823454e+00,-4.43814055e-01,1.15024164e+00,9.96501809e+04,3.01797979e+02,3.79749687e+01,1.43621856e+01,9.15304614e-07
4,1,2.39086222e+00,5.68197716e-01,1.15701826e+00,1.00138340e+05,3.01500124e+02,4.91635032e+01,-1.37348691e+01,1.12020385e-06
4,2,1.74531857e+00,1.54681672e+00,1.17147273e+00,1.00825316e+05,2.99822850e+02,7.93067746e+01,-1.45885575e+01,1.49615534e-06
4,3,6.37375898e-01,2.10688189e+00,1.17599540e+00,1.00927638e+05,2.98972889e+02,8.72631036e+01,3.62074378e+00,1.66285439e-06
4,4,-6.37375898e-01,2.10688189e+00,1.17629961e+00,1.01270721e+05,2.99911603e+02,7.61217501e+01,8.82974608e+00,1.56704691e-06
4,5,-1.74531857e+00,1.54681672e+00,1.18220567e+00,1.02045204e+05,3.00695466e+02,6.87076443e+01,7.28122218e+00,1.54134877e-06
4,6,-2.39086222e+00,5.68197716e-01,1.18620434e+00,1.02501838e+05,3.01022848e+02,6.32460584e+01,3.12046171e+00,1.55320484e-06
4,7,-2.39086222e+00,-5.68197716e-01,1.18620434e+00,1.02501838e+05,3.01022848e+02,6.32460584e+01,-3.12046171e+00,1.55320484e-06
4,8,-1.74531857e+00,-1.54681672e+00,1.18220567e+00,1.02045204e+05,3.00695466e+02,6.87076443e+01,-7.28122218e+00,1.54134877e-06
4,9,-6.37375898e-01,-2.10688189e+00,1.17629961e+00,1.01270721e+05,2.99911603e+02,7.61217501e+01,-8.82974608e+00,1.56704691e-06
4,10,6.37375898e-01,-2.10688189e+00,1.17599540e+00,1.00927638e+05,2.98972889e+02,8.72631036e+01,-3.62074378e+00,1.66285439e-06
4,11,1.74531857e+00,-1.54681672e+00,1.17147273e+00,1.00825316e+05,2.99822850e+02,7.93067746e+01,1.45885575e+01,1.49615534e-06
4,12,2.39086222e+00,-5.68197716e-01,1.15701826e+00,1.00138340e+05,3.01500124e+02,4.91635032e+01,1.37348691e+01,1.12020385e-06
5,1,2.80422225e+00,6.92802139e-01,1.15997624e+00,1.00227348e+05,3.00998594e+02,5.58025426e+01,-1.25544807e+01,1.24681092e-06
5,2,2.04816430e+00,1.88751817e+00,1.17377438e+00,1.01000571e+05,2.99755060e+02,7.94994338e+01,-1.29518525e+01,1.54440417e-06
5,3,7.48248754e-01,2.57238791e+00,1.17564734e+00,1.00996517e+05,2.99265498e+02,8.20453594e+01,2.36639180e+00,1.62710734e-06
5,4,-7.48248754e-01,2.57238791e+00,1.17477736e+00,1.01103059e+05,2.99803050e+02,7.42290822e+01,6.41492585e+00,1.56066535e-06
5,5,-2.04816430e+00,1.88751817e+00,1.17960528e+00,1.01701900e+05,3.00344497e+02,6.92605032e+01,6.16405838e+00,1.56158992e-06
5,6,-2.80422225e+00,6.92802139e-01,1.18366498e+00,1.02179159e+05,3.00718983e+02,6.53807511e+01,2.61509770e+00,1.57154210e-06
5,7,-2.80422225e+00,-6.92802139e-01,1.18366498e+00,1.02179159e+05,3.00718983e+02,6.53807511e+01,-2.61509770e+00,1.57154210e-06
5,8,-2.04816430e+00,-1.88751817e+00,1.17960528e+00,1.01701900e+05,3.00344497e+02,6.92605032e+01,-6.16405838e+00,1.56158992e-06
5,9,-7.48248754e-01,-2.57238791e+00,1.17477736e+00,1.01103059e+05,2.99803050e+02,7.42290822e+01,-6.41492585e+00,1.56066535e-06
5,10,7.48248754e-01,-2.57238791e+00,1.17564734e+00,1.00996517e+05,2.99265498e+02,8.20453594e+01,-2.36639180e+00,1.62710734e-06
5,11,2.04816430e+00,-1.88751817e+00,1.17377438e+00,1.01000571e+05,2.99755060e+02,7.94994338e+01,1.29518525e+01,1.54440417e-06
5,12,2.80422225e+00,-6.92802139e-01,1.15997624e+00,1.00227348e+05,3.00998594e+02,5.58025426e+01,1.25544807e+01,1.24681092e-06
6,1,3.21798093e+00,8.17526731e-01,1.16413214e+00,1.00543668e+05,3.00870608e+02,6.10842557e+01,-1.05464998e+01,1.33763693e-06
6,2,2.35121087e+00,2.22844556e+00,1.17486772e+00,1.01129621e+05,2.99858750e+02,7.89701493e+01,-1.09503459e+01,1.55180582e-06
6,3,8.59183767e-01,3.03815490e+00,1.17663965e+00,1.01192639e+05,2.99593759e+02,7.95954042e+01,1.38114582e+00,1.59097998e-06
6,4,-8.59183767e-01,3.03815490e+00,1.17698418e+00,1.01357183e+05,2.99993070e+02,7.38351753e+01,4.40748397e+00,1.56485092e-06
6,5,-2.35121087e+00,2.22844556e+00,1.18107393e+00,1.01871208e+05,3.00470397e+02,6.94629056e+01,4.03551323e+00,1.55972470e-06
6,6,-3.21798093e+00,8.17526731e-01,1.18363364e+00,1.02177740e+05,3.00722769e+02,6.63768851e+01,1.66254807e+00,1.56573149e-06
6,7,-3.21798093e+00,-8.17526731e-01,1.18363364e+00,1.02177740e+05,3.00722769e+02,6.63768851e+01,-1.66254807e+00,1.56573149e-06
6,8,-2.35121087e+00,-2.22844556e+00,1.18107393e+00,1.01871208e+05,3.00470397e+02,6.94629056e+01,-4.03551323e+00,1.55972470e-06
6,9,-8.59183767e-01,-3.03815490e+00,1.17698418e+00,1.01357183e+05,2.99993070e+02,7.38351753e+01,-4.40748397e+00,1.56485092e-06
6,10,8.59183767e-01,-3.03815490e+00,1.17663965e+00,1.01192639e+05,2.99593759e+02,7.95954042e+01,-1.38114582e+00,1.59097998e-06
6,11,2.35121087e+00,-2.22844556e+00,1.17486772e+00,1.01129621e+05,2.99858750e+02,7.89701493e+01,1.09503459e+01,1.55180582e-06
6,12,3.21798093e+00,-8.17526731e-01,1.16413214e+00,1.00543668e+05,3.00870608e+02,6.10842557e+01,1.05464998e+01,1.33763693e-06
7,1,3.63198055e+00,9.42323953e-01,1.16452373e+00,1.00443639e+05,3.00470206e+02,6.37688666e+01,-9.29190701e+00,1.41724851e-06
7,2,2.65438412e+00,2.56951546e+00,1.17476414e+00,1.01135245e+05,2.99901866e+02,7.80093135e+01,-9.77886963e+00,1.52569733e-06
7,3,9.70159419e-01,3.50409252e+00,1.17610126e+00,1.01180882e+05,2.99696081e+02,7.76697859e+01,3.75630116e-01,1.58476298e-06
7,4,-9.70159419e-01,3.50409252e+00,1.17629598e+00,1.01275305e+05,2.99926105e+02,7.28846822e+01,3.18724158e+00,1.56820910e-06
7,5,-2.65438412e+00,2.56951546e+00,1.17970178e+00,1.01704217e+05,3.00326770e+02,6.93108037e+01,3.14410647e+00,1.55776336e-06
7,6,-3.63198055e+00,9.42323953e-01,1.18240993e+00,1.02030444e+05,3.00600035e+02,6.70894481e+01,1.32736430e+00,1.56744108e-06
7,7,-3.63198055e+00,-9.42323953e-01,1.18240993e+00,1.02030444e+05,3.00600035e+02,6.70894481e+01,-1.32736430e+00,1.56744108e-06
7,8,-2.65438412e+00,-2.56951546e+00,1.17970178e+00,1.01704217e+05,3.00326770e+02,6.93108037e+01,-3.14410647e+00,1.55776336e-06
7,9,-9.70159419e-01,-3.50409252e+00,1.17629598e+00,1.01275305e+05,2.99926105e+02,7.28846822e+01,-3.18724158e+00,1.56820910e-06
7,10,9.70159419e-01,-3.50409252e+00,1.17610126e+00,1.01180882e+05,2.99696081e+02,7.76697859e+01,-3.75630116e-01,1.58476298e-06
7,11,2.65438412e+00,-2.56951546e+00,1.17476414e+00,1.01135245e+05,2.99901866e+02,7.80093135e+01,9.77886963e+00,1.52569733e-06
7,12,3.63198055e+00,-9.42323953e-01,1.16452373e+00,1.00443639e+05,3.00470206e+02,6.37688666e+01,9.29190701e+00,1.41724851e-06
8,1,4.04613691e+00,1.06716842e+00,1.16833866e+00,1.00766665e+05,3.00452246e+02,6.69028805e+01,-7.60411682e+00,1.32004370e-06
8,2,2.95764239e+00,2.91068103e+00,1.17531769e+00,1.01219352e+05,3.00009908e+02,7.72041398e+01,-8.32632029e+00,1.55657071e-06
8,3,1.08116310e+00,3.97014782e+00,1.17693271e+00,1.01314261e+05,2.99879149e+02,7.62874496e+01,-2.59208203e-01,1.69923684e-06
8,4,-1.08116310e+00,3.97014782e+00,1.17772614e+00,1.01449787e+05,3.00077992e+02,7.19386082e+01,2.05349766e+00,1.56941907e-06
8,5,-2.95764239e+00,2.91068103e+00,1.18070083e+00,1.01822433e+05,3.00421440e+02,6.91579396e+01,2.03828030e+00,1.55614734e-06
8,6,-4.04613691e+00,1.06716842e+00,1.18278315e+00,1.02074106e+05,3.00633777e+02,6.74123591e+01,9.05979730e-01,1.56866311e-06
8,7,-4.04613691e+00,-1.06716842e+00,1.18278315e+00,1.02074106e+05,3.00633777e+02,6.74123591e+01,-9.05979730e-01,1.56866311e-06
8,8,-2.95764239e+00,-2.91068103e+00,1.18070083e+00,1.01822433e+05,3.00421440e+02,6.91579396e+01,-2.03828030e+00,1.55614734e-06
8,9,-1.08116310e+00,-3.97014782e+00,1.17772614e+00,1.01449787e+05,3.00077992e+02,7.19386082e+01,-2.05349766e+00,1.56941907e-06
8,10,1.08116310e+00,-3.97014782e+00,1.17693271e+00,1.01314261e+05,2.99879149e+02,7.62874496e+01,2.59208203e-01,1.69923684e-06
8,11,2.95764239e+00,-2.91068103e+00,1.17531769e+00,1.01219352e+05,3.00009908e+02,7.72041398e+01,8.32632029e+00,1.55657071e-06
8,12,4.04613691e+00,-1.06716842e+00,1.16833866e+00,1.00766665e+05,3.00452246e+02,6.69028805e+01,7.60411682e+00,1.32004370e-06
9,1,4.46040094e+00,1.19204535e+00,1.16586838e+00,1.00539986e+05,3.00411544e+02,6.76532656e+01,-6.35477375e+00,1.75964358e-06
9,2,3.26096051e+00,3.25191390e+00,1.17429677e+00,1.01133484e+05,3.00016003e+02,7.57366291e+01,-7.21795264e+00,1.84401899e-06
9,3,1.19218692e+00,4.43628769e+00,1.17595353e+00,1.01215009e+05,2.99834827e+02,7.46623902e+01,-9.08387055e-01,1.63791172e-06
9,4,-1.19218692e+00,4.43628769e+00,1.17676313e+00,1.01338238e+05,2.99993342e+02,7.07050550e+01,1.13439609e+00,1.55220594e-06
9,5,-3.26096051e+00,3.25191390e+00,1.17971017e+00,1.01702720e+05,3.00320214e+02,6.88997165e+01,1.44025683e+00,1.56375757e-06
9,6,-4.46040094e+00,1.19204535e+00,1.18183286e+00,1.01959074e+05,3.00536444e+02,6.77484448e+01,6.75394355e-01,1.56986871e-06
9,7,-4.46040094e+00,-1.19204535e+00,1.18183286e+00,1.01959074e+05,3.00536444e+02,6.77484448e+01,-6.75394355e-01,1.56986871e-06
9,8,-3.26096051e+00,-3.25191390e+00,1.17971017e+00,1.01702720e+05,3.00320214e+02,6.88997165e+01,-1.44025683e+00,1.56375757e-06
9,9,-1.19218692e+00,-4.43628769e+00,1.17676313e+00,1.01338238e+05,2.99993342e+02,7.07050550e+01,-1.13439609e+00,1.55220594e-06
9,10,1.19218692e+00,-4.43628769e+00,1.17595353e+00,1.01215009e+05,2.99834827e+02,7.46623902e+01,9.08387055e-01,1.63791172e-06
9,11,3.26096051e+00,-3.25191390e+00,1.17429677e+00,1.01133484e+05,3.00016003e+02,7.57366291e+01,7.21795264e+00,1.84401899e-06
9,12,4.46040094e+00,-1.19204535e+00,1.16586838e+00,1.00539986e+05,3.00411544e+02,6.76532656e+01,6.35477375e+00,1.75964358e-06
